year,date,title,abstract,filename
1957,1957-09-23,The Issue In Arizona: THE NEW MACHINE,"Phoenix—In 1958, Arizona will be a major center of political interest, just as Ohio was in 1950. For the campaign for the re-election of Sen. Barry Goldwater, like that of Senator Taft seven years ago, brings into sharp focus the issue between traditional conservatism and the collectivist aims of the political machines of the big unions.",batch6_4_page0.txt
1958,1958-03-24,The Test in Arizona: THE HANDICAP,"PHOENIX—This year Arizona and California will be centers of great national political interest. For in the campaigns there will be two of the most notable senators in Washington, Barry M. Goldwater and William F. Knowland—the former running for reelection, and the latter for governor.",batch5_25_page0.txt
1958,1958-10-13,The Battle in Arizona: BUSY COPE,"Phoenix—Probably the most clearcut campaign in the nation between two philosophies of government is raging in this state. The Republican candidates for the most important offices are not ""modern"" Republicans. They are conservative in the best sense of the word.",batch4_44_page0.txt
1960,1960-08-15,A Party United: GOLDWATER'S REMINDER,"THE Republican convention ended in a peace which truly passes all understanding. No one could have expected such harmony. There are few precedents in history. Even in 1860 Governor Seward, who had the prize snatched from him despite his big advantage, left Chicago believing that his party had nominated an uncouth prairie lawyer.",batch3_13_page0.txt
1962,1962-07-30,Party Unity and Strength: AUXILIARY GROUPS,Two weeks ago I commented on the new National Republican Citizens Committee and said that Senator Goldwater's objections were based upon reconcilable points of difference. I then received a friendly letter from the senator restating his disagreement.,batch2_168_page0.txt
1963,1963-07-29,Goldwater on Extremists: THE SENATOR AGREES,"GOVERNOR Rockefeller's attack upon extremists was immediately interpreted in some sections of the press as a pointed criticism of Senator Goldwater. The governor later, in response to press questioning, said that ""while I have great respect for Barry's patriotism, his dedication to political life ...",batch2_116_page0.txt
1963,1963-08-12,The Young Republicans: THE GROUPS,IN SEVERAL articles I have pointed out that the future of the Republican Party and of truly conservative principles lies with the younger generation. In the House of Representatives three or four dozen members whose ages range from 30 to 55 have shown a marked capacity to work together.,batch2_114_page0.txt
1963,1963-10-07,Goldwater's Education: RESOURCEFUL MIND,"IN THE press and in the talks which I have had with the ""anybodybut-Goldwater"" Republicans I note a sudden change in the criticisms of the Arizona senator. There is no longer a harping on the charge that he is an ""extremist."" Over the past six weeks Goldwater has in printed interviews and many press conferences stated his views on a great range of national and international issues.",batch2_106_page0.txt
1963,1963-11-25,Tamper With an Image?: ANOTHER FRONTIER,IN RECENT weeks some admirers of Sen. Barry Goldwater have been complaining that their favorite has been too free with offhand opinions on large issues. Liberal Republicans hope that these comments of his may prevent his nomination. And Democrats are using them in behalf of Mr. Kennedy's re-election.,batch2_99_page0.txt
1964,1964-01-13,Goldwater's Decision: POPULAR DEMAND,"IF BARRY GOLDWATER had the Presidency in mind twelve years ago when he left behind the pleasant life of a successful businessman and entered the arena of politics, the evidence fails to support it. There have been many perennial seekers of the Presidency in our history, and certain rituals have developed which border on superstition.",batch2_92_page0.txt
1964,1964-04-13,Goldwater's Managers: THE PRECEDENTS,"PHOENIX—During the final weeks of the wretched New Hampshire primary campaign and since, a great deal of criticism of Senator Goldwater's management and managers has been published. Politics is like baseball. If the team is leading on Sept. 1, the manager is hailed as a genius.",batch2_79_page0.txt
1964,1964-06-01,AFTER OREGON—WHAT?: ROCKEFELLER MONEY,"This department has had nothing to say about Presidential politics since the NEWSWEEK issue of April 20. There has been nothing to say beyond speculation in the context of various primaries. These meant very little except that various possibilities for the GOP nomination were striving to nominate someone other than Goldwater, the leading contender.",batch2_72_page0.txt
1964,1964-06-22,AFTER THE PRIMARIES: WHAT MAINSTREAM?,"The hysterical outcries of many politicians and pundits during the first days after the California primary were genuinely amusing. Perhaps the distemper which afflicted these people was due to their loss of faith in their own infallibility and influence. For after they had hammered Gold-water for more than two years with verbal artillery, a sufficient number of Republicans, by their primary votes and in their selection of delegates, seem to have made the nomination of the Arizona senator inevitable.",batch2_69_page0.txt
1964,1964-07-13,A PARTY REVOLUTION: FORCE AND OPTIMISM,"Los Angeles—Eastern and Northeastern politicians and erstwhile leaders, as well as those who interpret them for us, fail to realize that in attacking Goldwater they are tilting at a symbol rather than a reality. The reality is a protest, deep and wide and powerful, among Republicans, homeless Democrats, and the politically unattached against past Republican Party control and also the sort of government we have had during the last 25 years.",batch2_66_page0.txt
1964,1964-07-27,WHAT IT MEANS: LONG BEGINNING,"San Francisco—Observers from overseas, as they have witnessed our noisy and seemingly disorderly national conventions, have wondered why, with this method of selecting candidates for the Presidency, we have had, with the exception of Britain, the most stable government on earth.",batch2_64_page0.txt
1964,1964-08-03,PARTY CONTROL: INFLUENCE IN CONGRESS,"In the political comment before, during, and after the San Francisco convention the expression ""party control"" was frequently used. But what does party control mean? Is there such a thing? If so, what does it mean in the Republican Party now, after Goldwater's clear margin of victory in winning the nomination?",batch2_63_page0.txt
1964,1964-08-10,THIS IS OUR BUSINESS: THE 'LION'S PAW',"While both Presidential candidates may labor to prevent pre-Civil War issues from playing a part in this campaign, there is nothing they can do about the ignition of a still more remote concern—the spirit of 1776.",batch2_62.txt
1964,1964-08-17,`NOT BY BREAD ALONE': `THE COMPLETE LIFE',"Two short sentences in Senator Goldwater's acceptance address in San Francisco which mentioned ""extremism"" and ""moderation"" seem to have diverted most comment from the essential theme of the speech.",batch2_61_page0.txt
1964,1964-08-24,GOLDWATER'S STAFF-1: A PERSONAL ORGANIZATION,Many factors play a part in winning or losing an election. Some of these are unexpected events which cannot be anticipated or planned. But the major element in political success is organization.,batch2_60_page0.txt
1964,1964-08-31,GOLDWATER'S STAFF-II: THE SPECIALISTS,"I noted in last week's article that candidate Goldwater's working staff is divided into two distinct groups. One of these I have called the ""political"" group, which before the convention was concerned with maintaining state-by-state contacts and gathering pledged delegates and which from now on is concerned with gathering votes.",batch2_59_page0.txt
1964,1964-09-21,INCOME WITH FREEDOM: ROOSEVELT'S PLAN,"In this campaign, as in the Republican fight for the nomination, Barry Goldwater will be assailed as an enemy of the social-security system. An appraisal of the facts will show that Lyndon Johnson is the one who presents a real threat to a system which is the keystone of the material lives of millions of Americans.",batch2_56_page0.txt
1964,1964-10-12,WHO'S REALLY FOR LBJ?: NO POINTING WITH PRIDE,"Last week I found it necessary to part with a bad tooth. After the Novocain had been administered, there was that dread pause while the stuff was performing its merciful mission of insensibility and before the short pull (euphemistically called the ""evulsion""). In that waiting moment the dentist asked: ""You don't think Goldwater can win, do you?""",batch2_53_page0.txt
1964,1964-10-19,THE ISSUE OF MORALITY: 'MORAL ARISTOCRACY',"At this stage of the campaign, when the critics of Senator Goldwater have long passed the limits of reason, it seems that anything the Republican candidates say is twisted to an argument that they should not only be defeated but crushed. If Goldwater says that black is black and white is white, they cry out that he has not considered gray.",batch2_52_page0.txt
1964,1964-10-26,NIXON'S ROLE IN 1964: RECORD OF LOYALTY,"If the acclaim now given by conservative people to Richard Nixon for his campaign over the nation in support of the Goldwater-Miller ticket had been accorded him by those same people in 1960, he would now be running for re-election as President, and John F. Kennedy and Lyndon B. Johnson would be senators from their respective states.",batch2_51_page0.txt
1964,1964-11-16,INDISPENSABLE DISSENT: NO ERA OF HARMONY,"The egghead word for it has been ""consensus."" Before the San Francisco convention it was used to urge Republicans to take the middle way and present a candidate whose views were relatively indistinguishable from the presently established regime in Washington.",batch2_48_page0.txt
1964,1964-11-30,A PARTY'S NINE LIVES: NEED FOR SPECIFICS,"Among all the published comments about the GOP's future, those of Richard Nixon make the most sense. Moreover, he has richly earned the right to be heard. No one except the candidates labored so hard in this campaign—200 speeches in 36 states.",batch2_46_page0.txt
1965,1965-01-18,"COOL OFF, REPUBLICANS!: OUTCRIES OF FRUSTRATION","What Republicans generally, and especially those who are members of the National Committee, should seek in the next few months is a moderation of the hysteria which followed the great November defeat. This is not to be attained by merely putting Dean Burch on the bloody sacrificial altar.",batch2_39_page0.txt
