new_filename,category,explanation
1956-01-18_166873052_1_page0.txt,other,No categories met the 3-mention threshold.
1956-01-19_166874249_1_page0.txt,other,No categories met the 3-mention threshold.
1956-01-04_166874618_1_page0.txt,other,No categories met the 3-mention threshold.
1956-01-10_166876075_1_page0.txt,other,No categories met the 3-mention threshold.
1956-01-31_166876244_1_page0.txt,other,No categories met the 3-mention threshold.
1956-02-10_166881514_1_page0.txt,other,No categories met the 3-mention threshold.
1956-01-27_166884915_1_page0.txt,LABOR,Contains 7 mentions of union and organized labor organizations.
1956-02-02_166888107_1_page0.txt,other,No categories met the 3-mention threshold.
1956-03-01_166888260_1_page0.txt,other,No categories met the 3-mention threshold.
1956-03-15_166889978_1_page0.txt,other,No categories met the 3-mention threshold.
new_filename,category,explanation
1956-03-16_166891660_1_page0.txt,other,No categories met the 3-mention threshold.
1956-02-16_166896688_1_page0.txt,other,No categories met the 3-mention threshold.
1956-01-05_166899746_1_page0.txt,other,No categories met the 3-mention threshold.
1956-03-26_166904773_1_page0.txt,other,No categories met the 3-mention threshold.
1956-03-07_166905237_1_page0.txt,other,No categories met the 3-mention threshold.
1956-02-21_166906514_1_page0.txt,other,No categories met the 3-mention threshold.
1956-02-07_166907655_1_page0.txt,other,No categories met the 3-mention threshold.
1956-03-29_166909981_1_page0.txt,other,No categories met the 3-mention threshold.
1956-04-17_166910108_1_page0.txt,other,No categories met the 3-mention threshold.
1956-02-28_166911519_1_page0.txt,other,No categories met the 3-mention threshold.
new_filename,category,explanation
1956-01-13_166912641_1_page0.txt,other,No categories met the 3-mention threshold.
1956-05-08_166912917_1_page0.txt,other,No categories met the 3-mention threshold.
1956-04-13_166915845_1_page0.txt,other,No categories met the 3-mention threshold.
1956-03-09_166917090_1_page0.txt,other,No categories met the 3-mention threshold.
1956-05-15_166921781_1_page0.txt,other,No categories met the 3-mention threshold.
1956-02-17_166922034_1_page0.txt,other,No categories met the 3-mention threshold.
1956-03-27_166923452_1_page0.txt,LABOR,3 strike mentions and several union/AFL-CIO references.
1956-06-19_166927499_1_page0.txt,other,No categories met the 3-mention threshold.
1956-04-19_166931315_1_page0.txt,other,No categories met the 3-mention threshold.
1956-04-03_166935666_1_page0.txt,LABOR,Contains multiple mentions of union shop and labor organizations.
new_filename,category,explanation
1956-04-25_166936535_1_page0.txt,other,No categories met the 3-mention threshold.
1956-06-26_166936987_1_page0.txt,other,No categories met the 3-mention threshold.
1956-03-20_166937059_1_page0.txt,other,No categories met the 3-mention threshold.
1956-05-04_166942067_1_page0.txt,other,No categories met the 3-mention threshold.
1956-05-29_166942378_1_page0.txt,LABOR,Contains 4 mentions of compulsory union/union-shop and 4 of right-to-work laws.
1956-06-14_166942731_1_page0.txt,other,No categories met the 3-mention threshold.
1956-04-10_166951384_1_page0.txt,other,No categories met the 3-mention threshold.
1956-05-24_166952012_1_page0.txt,other,No categories met the 3-mention threshold.
1956-06-06_166953689_1_page0.txt,other,No categories met the 3-mention threshold.
1956-05-31_166955164_1_page0.txt,other,No categories met the 3-mention threshold.
new_filename,category,explanation
1956-07-11_166959354_1_page0.txt,other,No categories met the 3-mention threshold.
1956-07-26_166959488_1_page0.txt,other,No categories met the 3-mention threshold.
1956-06-21_166961475_1_page0.txt,other,No categories met the 3-mention threshold.
1956-07-25_166961624_1_page0.txt,LABOR,Contains 5 mentions of labor unions and collective bargaining references.
1956-07-30_166962149_1_page0.txt,other,No categories met the 3-mention threshold.
1956-06-12_166965487_1_page0.txt,other,No categories met the 3-mention threshold.
1956-08-14_166967202_1_page0.txt,other,No categories met the 3-mention threshold.
1956-05-23_166967752_1_page0.txt,other,No categories met the 3-mention threshold.
1956-07-20_166968775_1_page0.txt,other,No categories met the 3-mention threshold.
1956-05-18_166972318_1_page0.txt,other,No categories met the 3-mention threshold.
new_filename,category,explanation
1956-08-17_166972775_1_page0.txt,other,No categories met the 3-mention threshold.
1956-06-07_166972889_1_page0.txt,other,No categories met the 3-mention threshold.
1956-07-05_166973311_1_page0.txt,other,No categories met the 3-mention threshold.
1956-07-03_166977307_1_page0.txt,LABOR,Contains 3 mentions of union and 3 of AFL-CIO and political arms of labor.
1956-08-07_166977911_1_page0.txt,other,No categories met the 3-mention threshold.
1956-11-10_166980142_1_page0.txt,LABOR,Contains 3 mentions of labor organizations and political arms of labor.
1956-06-13_166981229_1_page0.txt,other,No categories met the 3-mention threshold.
1956-12-27_166981449_1_page0.txt,other,No categories met the 3-mention threshold.
1956-09-29_166981483_1_page0.txt,LABOR,Contains 4 mentions of the CIO union and its efforts.
1956-10-12_166981548_1_page0.txt,other,No categories met the 3-mention threshold.
new_filename,category,explanation
1956-07-17_166984053_1_page0.txt,other,No categories met the 3-mention threshold.
1956-07-02_166987194_1_page0.txt,LABOR,Contains 3 mentions of labor organizations and collective bargaining.
1956-08-11_166987545_1_page0.txt,other,No categories met the 3-mention threshold.
1956-09-04_166989848_1_page0.txt,other,No categories met the 3-mention threshold.
1956-12-14_166991089_1_page0.txt,other,No categories met the 3-mention threshold.
1956-08-31_166992300_1_page0.txt,other,No categories met the 3-mention threshold.
1956-08-28_166992768_1_page0.txt,other,No categories met the 3-mention threshold.
1956-09-05_166996171_1_page0.txt,LABOR,Contains 4 mentions of the AFL-CIO union and political arms of labor.
1956-09-24_166996599_1_page0.txt,other,No categories met the 3-mention threshold.
1956-10-06_166998763_1_page0.txt,other,No categories met the 3-mention threshold.
new_filename,category,explanation
1956-08-09_167000759_1_page0.txt,other,No categories met the 3-mention threshold.
1956-09-26_167002293_1_page0.txt,other,No categories met the 3-mention threshold.
1956-10-02_167003681_1_page0.txt,other,No categories met the 3-mention threshold.
1956-12-07_167005914_1_page0.txt,LABOR,Contains 3 mentions of union and 3 of labor organization.
1956-11-09_167008316_1_page0.txt,other,No categories met the 3-mention threshold.
1956-10-31_167008470_1_page0.txt,LABOR,Contains 4 mentions of labor unions and Taft-Hartley/Corrupt Practices.
1956-09-18_167011196_1_page0.txt,other,No categories met the 3-mention threshold.
1956-12-26_167013872_1_page0.txt,other,No categories met the 3-mention threshold.
1956-09-15_167014181_1_page0.txt,LABOR,Contains 3 mentions of the political arms of labor unions.
1956-10-04_167015295_1_page0.txt,LABOR,Contains 3 mentions of union or political arms of labor.
new_filename,category,explanation
1956-08-09_167000759_1_page0.txt,other,No categories met the 3-mention threshold.
1956-09-26_167002293_1_page0.txt,other,No categories met the 3-mention threshold.
1956-10-02_167003681_1_page0.txt,other,No categories met the 3-mention threshold.
1956-12-07_167005914_1_page0.txt,LABOR,Contains 4 mentions of labor organization/union and 3 of Taft-Hartley.
1956-11-09_167008316_1_page0.txt,other,No categories met the 3-mention threshold.
1956-10-31_167008470_1_page0.txt,LABOR,Contains 4 mentions of labor unions and Taft-Hartley/Corrupt Practices.
1956-09-18_167011196_1_page0.txt,other,No categories met the 3-mention threshold.
1956-12-26_167013872_1_page0.txt,other,No categories met the 3-mention threshold.
1956-09-15_167014181_1_page0.txt,LABOR,Contains 3 mentions of political arms of labor unions.
1956-10-04_167015295_1_page0.txt,LABOR,Contains 3 mentions of union/labor political arms.
1956-10-27_167015426_1_page0.txt,other,No categories met the 3-mention threshold.
1956-11-29_167015571_1_page0.txt,other,No categories met the 3-mention threshold.
1956-10-08_167016859_1_page0.txt,other,No categories met the 3-mention threshold.
1956-09-07_167016888_1_page0.txt,other,No categories met the 3-mention threshold.
1956-09-21_167021069_1_page0.txt,other,No categories met the 3-mention threshold.
1956-10-23_167022818_1_page0.txt,other,No categories met the 3-mention threshold.
1956-10-09_167023665_1_page0.txt,other,No categories met the 3-mention threshold.
1956-08-22_167024006_1_page0.txt,other,No categories met the 3-mention threshold.
1956-11-23_167025776_1_page0.txt,other,No categories met the 3-mention threshold.
1956-08-21_167026995_1_page0.txt,LABOR,Contains 3 mentions of labor organizations and collective bargaining.
new_filename,category,explanation
1956-10-16_167027617_1_page0.txt,other,No categories met the 3-mention threshold.
1956-08-20_167030467_1_page0.txt,other,No categories met the 3-mention threshold.
1956-09-11_167036433_1_page0.txt,other,No categories met the 3-mention threshold.
1956-10-20_167038525_1_page0.txt,other,No categories met the 3-mention threshold.
1956-10-18_167040314_1_page0.txt,other,No categories met the 3-mention threshold.
1956-12-20_167045451_1_page0.txt,other,No categories met the 3-mention threshold.
1956-10-13_167046648_1_page0.txt,other,No categories met the 3-mention threshold.
1956-11-30_167046802_1_page0.txt,other,No categories met the 3-mention threshold.
1956-12-18_167049731_1_page0.txt,LABOR,Contains 3 references to the AFL-CIO union/Review.
1956-11-13_167052081_1_page0.txt,other,No categories met the 3-mention threshold.
new_filename,category,explanation
1956-11-27_167054824_1_page0.txt,other,No categories met the 3-mention threshold.
1956-11-02_167062796_1_page0.txt,other,No categories met the 3-mention threshold.
1956-11-22_167062881_1_page0.txt,LABOR,Contains 4 mentions of the CIO/UAW union and political contributions.
1956-11-06_167070736_1_page0.txt,other,No categories met the 3-mention threshold.
1956-11-20_167074206_1_page0.txt,LABOR,Contains 3 mentions of political labor and the COPE union committee.
1956-11-17_167080687_1_page0.txt,other,No categories met the 3-mention threshold.
1956-12-22_167097904_1_page0.txt,other,No categories met the 3-mention threshold.
1956-12-12_167107864_1_page0.txt,other,No categories met the 3-mention threshold.