new_filename,category,explanation,,
1956-01-18_166873052_1_page0.txt,politics,4 mentions of voting and election outcomes,,
1956-01-19_166874249_1_page0.txt,other,,,
1956-01-04_166874618_1_page0.txt,other,,,
1956-01-10_166876075_1_page0.txt,other,,,
1956-01-31_166876244_1_page0.txt,politics,9 mentions of elections campaigns and candidates,,
1956-02-10_166881514_1_page0.txt,politics,4 mentions of nominations primaries and candidates,,
1956-01-27_166884915_1_page0.txt,politics,10 mentions of elections votes and campaigns,,
1956-02-02_166888107_1_page0.txt,other,,,
1956-03-01_166888260_1_page0.txt,other,,,
1956-03-15_166889978_1_page0.txt,politics,4 mentions of candidates nominations and votes,,
new_filename,category,explanation,,
1956-03-16_166891660_1_page0.txt,politics,"4 mentions of campaigns, candidates, and voting",,
1956-02-16_166896688_1_page0.txt,other,,,
1956-01-05_166899746_1_page0.txt,other,,,
1956-03-26_166904773_1_page0.txt,politics,"3 mentions of campaigns, candidates, and votes",,
1956-03-07_166905237_1_page0.txt,politics,"5 mentions of candidates, polling, and voting",,
1956-02-21_166906514_1_page0.txt,politics,"4 mentions of candidates, running, and reelection",,
1956-02-07_166907655_1_page0.txt,other,,,
1956-03-29_166909981_1_page0.txt,politics,"4 mentions of election, votes, and candidates",,
1956-04-17_166910108_1_page0.txt,other,,,
1956-02-28_166911519_1_page0.txt,other,,,
new_filename,category,explanation,,
1956-01-13_166912641_1_page0.txt,politics,4 mentions of primaries, voting, and candidates
1956-05-08_166912917_1_page0.txt,other,,,
1956-04-13_166915845_1_page0.txt,politics,5 mentions of campaigns, primaries, and candidates
1956-03-09_166917090_1_page0.txt,politics,4 mentions of nominations, running, and polls
1956-05-15_166921781_1_page0.txt,other,,,
1956-02-17_166922034_1_page0.txt,other,,,
1956-03-27_166923452_1_page0.txt,other,,,
1956-06-19_166927499_1_page0.txt,other,,,
1956-04-19_166931315_1_page0.txt,politics,6 mentions of votes, primaries, and candidates
1956-04-03_166935666_1_page0.txt,other,,,
new_filename,category,explanation,,
1956-04-25_166936535_1_page0.txt,other,,,
1956-06-26_166936987_1_page0.txt,politics,5 mentions of candidates and convention,,
1956-03-20_166937059_1_page0.txt,other,,,
1956-05-04_166942067_1_page0.txt,politics,3 mentions of elections, votes, and candidates
1956-05-29_166942378_1_page0.txt,other,,,
1956-06-14_166942731_1_page0.txt,politics,4 mentions of nominations, campaigns, and candidates
1956-04-10_166951384_1_page0.txt,other,,,
1956-05-24_166952012_1_page0.txt,other,,,
1956-06-06_166953689_1_page0.txt,politics,6 mentions of candidates, voting, and election
1956-05-31_166955164_1_page0.txt,other,,,
new_filename,category,explanation,,
1956-07-11_166959354_1_page0.txt,other,,,
1956-07-26_166959488_1_page0.txt,politics,"5 mentions of candidates, primary, and votes",,
1956-06-21_166961475_1_page0.txt,other,,,
1956-07-25_166961624_1_page0.txt,other,,,
1956-07-30_166962149_1_page0.txt,other,,,
1956-06-12_166965487_1_page0.txt,politics,"7 mentions of candidates, ticket, and votes",,
1956-08-14_166967202_1_page0.txt,politics,"5 mentions of candidates, nomination, and vote",,
1956-05-23_166967752_1_page0.txt,other,,,
1956-07-20_166968775_1_page0.txt,politics,"3 mentions of campaign, candidates, and voters",,
1956-05-18_166972318_1_page0.txt,politics,"5 mentions of campaigns, candidates, and voters",,
new_filename,category,explanation,,
1956-08-17_166972775_1_page0.txt,politics,"5 mentions of polling, candidates, and elections",,
1956-06-07_166972889_1_page0.txt,other,,,
1956-07-05_166973311_1_page0.txt,other,,,
1956-07-03_166977307_1_page0.txt,politics,"3 mentions of campaigns, candidates, and endorsements",,
1956-08-07_166977911_1_page0.txt,politics,"4 mentions of polling, elections, and candidates",,
1956-11-10_166980142_1_page0.txt,politics,"5 mentions of elections, campaigns, and voters",,
1956-06-13_166981229_1_page0.txt,other,,,
1956-12-27_166981449_1_page0.txt,other,,,
1956-09-29_166981483_1_page0.txt,politics,"3 mentions of campaigns, candidates, and elections",,
1956-10-12_166981548_1_page0.txt,other,,,
new_filename,category,explanation,,
1956-07-17_166984053_1_page0.txt,other,,,
1956-07-02_166987194_1_page0.txt,politics,"3 mentions of campaigns, candidates, and voting",,
1956-08-11_166987545_1_page0.txt,politics,"3 mentions of voting, elections, and campaigns",,
1956-09-04_166989848_1_page0.txt,other,,,
1956-12-14_166991089_1_page0.txt,politics,"4 mentions of campaigns, candidates, and elections",,
1956-08-31_166992300_1_page0.txt,politics,"4 mentions of campaigns, candidates, and voting",,
1956-08-28_166992768_1_page0.txt,politics,"4 mentions of convention, candidates, and voting",,
1956-09-05_166996171_1_page0.txt,politics,"7 mentions of candidates, voting, and election",,
1956-09-24_166996599_1_page0.txt,politics,"6 mentions of registration, voting, and election",,
1956-10-06_166998763_1_page0.txt,politics,"6 mentions of campaigns, registration, and election",,
new_filename,category,explanation,,
1956-08-09_167000759_1_page0.txt,politics,"5 mentions of candidates, nomination, and primaries",,
1956-09-26_167002293_1_page0.txt,politics,"5 mentions of ticket, primaries, and candidates",,
1956-10-02_167003681_1_page0.txt,politics,"5 mentions of campaigns, candidates, and election",,
1956-12-07_167005914_1_page0.txt,politics,"5 mentions of campaign, candidates, and election",,
1956-11-09_167008316_1_page0.txt,other,,,
1956-10-31_167008470_1_page0.txt,politics,"5 mentions of candidates, election, and campaigns",,
1956-09-18_167011196_1_page0.txt,politics,"4 mentions of campaign, candidates, and voters",,
1956-12-26_167013872_1_page0.txt,other,,,
1956-09-15_167014181_1_page0.txt,politics,"5 mentions of election, campaigns, and ticket",,
1956-10-04_167015295_1_page0.txt,politics,"5 mentions of election, registration, and candidates",,
new_filename,category,explanation,,
1956-08-09_167000759_1_page0.txt,politics,"5 mentions of candidates, nomination, and primaries",,
1956-09-26_167002293_1_page0.txt,politics,"5 mentions of ticket, primaries, and candidates",,
1956-10-02_167003681_1_page0.txt,politics,"5 mentions of campaigns, candidates, and election",,
1956-12-07_167005914_1_page0.txt,politics,"5 mentions of campaign, candidates, and election",,
1956-11-09_167008316_1_page0.txt,other,,,
1956-10-31_167008470_1_page0.txt,politics,"5 mentions of candidates, election, and campaigns",,
1956-09-18_167011196_1_page0.txt,politics,"4 mentions of campaign, candidates, and voters",,
1956-12-26_167013872_1_page0.txt,other,,,
1956-09-15_167014181_1_page0.txt,politics,"5 mentions of election, campaigns, and ticket",,
1956-10-04_167015295_1_page0.txt,politics,"5 mentions of election, registration, and candidates",,
1956-10-27_167015426_1_page0.txt,politics,"3 mentions of voting, candidate, and ticket",,
1956-11-29_167015571_1_page0.txt,politics,"4 mentions of candidates, campaign, and election",,
1956-10-08_167016859_1_page0.txt,politics,"3 mentions of candidate, program, and votes",,
1956-09-07_167016888_1_page0.txt,politics,"3 mentions of candidate, campaign, and program",,
1956-09-21_167021069_1_page0.txt,politics,"6 mentions of election, candidate, and votes",,
1956-10-23_167022818_1_page0.txt,politics,"3 mentions of candidate, votes, and President",,
1956-10-09_167023665_1_page0.txt,politics,"5 mentions of candidate, election, and votes",,
1956-08-22_167024006_1_page0.txt,politics,"6 mentions of convention, campaigns, and candidates",,
1956-11-23_167025776_1_page0.txt,politics,"4 mentions of campaign, election, and candidates",,
1956-08-21_167026995_1_page0.txt,politics,"6 mentions of nominations, ticket, and candidates",,
new_filename,category,explanation,,
1956-10-16_167027617_1_page0.txt,politics,"5 mentions of campaigns, candidates, and voting",,
1956-08-20_167030467_1_page0.txt,politics,"3 mentions of campaigns, candidates, and election",,
1956-09-11_167036433_1_page0.txt,politics,"3 mentions of election, candidate, and program",,
1956-10-20_167038525_1_page0.txt,politics,"4 mentions of campaign, candidates, and voting",,
1956-10-18_167040314_1_page0.txt,politics,"4 mentions of campaign, candidates, and ticket",,
1956-12-20_167045451_1_page0.txt,politics,"8 mentions of voting, registration, and election",,
1956-10-13_167046648_1_page0.txt,politics,"6 mentions of voting, polls, and election",,
1956-11-30_167046802_1_page0.txt,other,,,
1956-12-18_167049731_1_page0.txt,politics,"3 mentions of campaign, voters, and candidates",,
1956-11-13_167052081_1_page0.txt,politics,"5 mentions of election, voters, and candidate",,
new_filename,category,explanation,,
1956-11-27_167054824_1_page0.txt,politics,"3 mentions of voting, election, and candidates",,
1956-11-02_167062796_1_page0.txt,politics,"3 mentions of candidates, election, and voters",,
1956-11-22_167062881_1_page0.txt,politics,"6 mentions of election, campaigns, and candidates",,
1956-11-06_167070736_1_page0.txt,politics,"3 mentions of campaigns, candidates, and elections",,
1956-11-20_167074206_1_page0.txt,politics,"4 mentions of candidates, voting, and elections",,
1956-11-17_167080687_1_page0.txt,politics,"5 mentions of candidates, election, and predictions",,
1956-12-22_167097904_1_page0.txt,politics,"4 mentions of candidates, campaigns, and voters",,
1956-12-12_167107864_1_page0.txt,politics,"4 mentions of voting, registration, and election",,