changed,category1,july24_category1,category2,july24_category2,july24_correct,july24_human_comments,filename,explanation,july24_explanation
same,economy,economy,NA,NA,YES,,1956-01-04_166874618_1_page0.txt,Gross national product and Agriculture mentioned multiple times.,economic forecasts filled the mail;final economic problem
same,economy,economy,NA,NA,YES,,1956-01-05_166899746_1_page0.txt,Mentions consumer installment credit and the Federal Reserve.,american economic association;economic problems
different,economy,politics,politics,economy,YES,,1956-01-10_166876075_1_page0.txt,"Mentions installment credit, a presidential year, and candidates.",presidential year mentioned;installment credit
same,politics,politics,LABOR,NA,YES,,1956-01-13_166912641_1_page0.txt,"Mentions political parties, candidates, and labor bosses blocking nominations.",mentions of the democratic party and candidates indicate an upcoming election.
same,other,other,NA,NA,YES,,1956-01-18_166873052_1_page0.txt,NA,NA
same,other,other,NA,NA,YES,,1956-01-19_166874249_1_page0.txt,NA,NA
same,politics,politics,LABOR,voter_turnout,YES+,I would also say economy as it discusses inflation a lot and a woman's knowledge of the correlation between labor and prices of goods in the home,1956-01-27_166884915_1_page0.txt,"Mentions the 1956 election, the CIO-PAC, and labor party administration.",Women of the nation may decide the 1956 election;correlate the ballot box with the breadbox
same,politics,politics,NA,NA,YES,,1956-01-31_166876244_1_page0.txt,"Mentions the nomination, candidates, and political parties.","running into a presidential year, election"
same,politics,politics,NA,NA,YES+,business also; discusses Dam project and the industry of electricity farming and the political interest in it,1956-02-02_166888107_1_page0.txt,Mentions the issue in Congress and Democratic politicians.,"state wide elections in idaho, political warfare"
different,other,politics,NA,NA,YES+,"economy also, as they discuss taxation",1956-02-07_166907655_1_page0.txt,NA,"politically minded congress, congress will pass any such bureaucratic formula"
same,politics,politics,NA,NA,YES,,1956-02-10_166881514_1_page0.txt,"Discusses primary contests, potential candidates, and convention tactics.","primary contests, nomination"
same,other,other,NA,NA,YES,,1956-02-16_166896688_1_page0.txt,NA,NA
same,business,business,NA,NA,YES,,1956-02-17_166922034_1_page0.txt,Mentions aluminum industry investments and production patterns.,aluminum industry mentioned multiple times
same,politics,politics,NA,NA,YES,,1956-02-21_166906514_1_page0.txt,"Discusses attacks on a president, a vice-presidential candidate, and the democratic party","the 1956 election, presidential candidate"
different,other,politics,NA,NA,YES+,"Business also, discuss Upper Colorado Reclamation project and financial dealings and implications of it. Example of intersection between enterprise-sized business and politics",1956-02-28_166911519_1_page0.txt,NA,"political deals, politicians are spending tax money"
same,business,business,NA,NA,YES,,1956-03-01_166888260_1_page0.txt,"Mentions the Ford Foundation, business administration, and marketing experiments.",research on business administration
same,politics,politics,NA,NA,YES,,1956-03-07_166905237_1_page0.txt,"Discusses potential candidates, state chairmen, and the election.","political opinion, presidential candidate"
same,politics,politics,NA,NA,YES,,1956-03-09_166917090_1_page0.txt,"Discusses traditions, candidates, and the political party.","nomination for vice president, presidential candidate"
different,business,politics,politics,business,YES,,1956-03-15_166889978_1_page0.txt,"Discusses big business, small business, and democratic politicians.","bid for votes, small business"
same,politics,politics,NA,NA,YES?,could also be business as they briefly discuss natural resource industry but that is more of a policy constraint so I am unsure,1956-03-16_166891660_1_page0.txt,"Mentions a secretary, candidates, and political parties.","coming campaign, fighting morse with sufficient vigor and knowledge"
same,business,business,NA,NA,YES,,1956-03-20_166937059_1_page0.txt,Mentions antitrust law and corporation size.,antitrust law mentioned
different,economy,politics,politics,NA,YES+,Definitely also business or economy as it directly discusses the reelationship and impact of politics on farmers and the agricultural industry is a huge financial powerhouse in America,1956-03-26_166904773_1_page0.txt,"Farm statistics, presidential campaigns and politicians mentioned several times.","presldential primary campaigns, bid as a price for votes"
different,LABOR,business,NA,NA,YES,,1956-03-27_166923452_1_page0.txt,"Mentions a strike, unions, and a new federation.",internal weakness of the merger
same,politics,politics,NA,NA,YES,"""""Liberal (nusiance) party"""" made me LOL",1956-03-29_166909981_1_page0.txt,"Discusses electing the president, vice president, and politicians resist efforts.","electing the president and vice president, political decision"
different,LABOR,business,NA,NA,YES,,1956-04-03_166935666_1_page0.txt,Mentions the union shop and railway labor act,unionshop amendment
same,other,other,NA,NA,YES,,1956-04-10_166951384_1_page0.txt,NA,NA
same,politics,politics,LABOR,NA,YES?,Not sure if business includes discussion of the labor movement but if that is the case than definitely also business,1956-04-13_166915845_1_page0.txt,Mentions political wisemen in the labor movement and labor leaders in politics.,"political wise men in  the labor movement are  quietly discounting stevenson kefauver and harriman, to the political party"
different,other,politics,NA,NA,YES,,1956-04-17_166910108_1_page0.txt,NA,"collegestudentstotakemoreinterestinpolitics, thissurveyresultsshowsthatwomensstudentsweresomewhatmorepoorlyinformedthanthemen"
same,politics,politics,NA,NA,YES+,Definitely also business or economy as it directly discusses the reelationship and impact of politics on farmers and the agricultural industry is a huge financial powerhouse in America,1956-04-19_166931315_1_page0.txt,"Discusses primary votes, elections, and seasoned politicians.","theimportanceofthefarmvoteandconsequentlythefarmrevoltaregreatlyexaggerated, inpresidentsreelectionproblemsthatwouldaffecttheresultingoutcomeoftheelection"
same,politics,politics,NA,NA,YES?,Talks about presidents but president's health and not so much politics,1956-04-25_166936535_1_page0.txt,Mentions democratic leaders and a presidents health.,"thedemocraticleaderswillpersistinmakingattacksuponthehealthpreservingroutinewhichthepresidentsdoctorshaveprescribed, thatthispresidentwillbeahighriskforthevotingpopulation"
different,economy,politics,politics,NA,YES,,1956-05-04_166942067_1_page0.txt,"Expensive programs, a presidential election, and record tax payments.","maybeaskingourselveswhetherwecanreallyaffordpresidentialelections, bothpartiesarerecklesslybiddingforourvoteswithourmoney"
same,business,business,NA,NA,YES,,1956-05-08_166912917_1_page0.txt,"Insurance companies, potential danger of the new generation of power, Electric company is mentioned.",providing insurane uptop 500000000.00 against atomic reactor accident that may spread inurious materials over a wide area
different,economy,other,NA,NA,NO,Definitely economy as it discusses funding of welfare,1956-05-15_166921781_1_page0.txt,Mentions OAS and the amount that the government would owe.,NA
same,politics,politics,NA,NA,YES,,1956-05-18_166972318_1_page0.txt,"Mentioned president, democratic statement and  voters.","aregravelyburdeningthepatiencenottosaythesenseofhumorofthepeoplewhohearorreadabouttheirspeeches, thisveryindifferencemaybeaperiltotherepublicanparty"
different,economy,other,NA,NA,YES+,Def economy as it covers the national debt,1956-05-23_166967752_1_page0.txt,"Mentions debts, taxpayers and the federal government.",NA
same,other,other,NA,NA,YES?,Supreme court = politics ?,1956-05-24_166952012_1_page0.txt,NA,NA
different,LABOR,business,politics,NA,YES,,1956-05-29_166942378_1_page0.txt,Mentions organized labor to elect a Congressmen and senators and election year.,rejoiceandtogoalloutineffortandexpensethiselectionyeartoelectprolaborcongressmenandsenators
same,other,other,NA,NA,YES,,1956-05-31_166955164_1_page0.txt,NA,NA
same,politics,politics,NA,NA,YES+,Also business as there was a lot of discussion of the relationship between candidates and businessmen as well as their labor policy,1956-06-06_166953689_1_page0.txt,"Mentions the election of senator, and candidates.","inthecomingelection, Republican affection"
same,business,business,NA,NA,YES+,Def also economy as it discusses the great depression,1956-06-07_166972889_1_page0.txt,Mentions loan to business and to railroads.,major builder of a great city and as public administor
same,politics,politics,NA,NA,YES,,1956-06-12_166965487_1_page0.txt,Mentions candidates and Republican and Democratic district,"willtheregophavecontrolofthehouse, witheisenhowerontheticket"
same,other,other,NA,NA,YES,,1956-06-13_166981229_1_page0.txt,NA,NA
same,politics,politics,NA,NA,YES,,1956-06-14_166942731_1_page0.txt,"Mentioned leader of tammany hall, and democratic national committee.",whocontrivedthenominationofaverellharrimanforthegovernorshipofnewyorkandnowseemstobemanagingtheharrimandrivetonominatethenewyorkgovernorforthepresidency
same,politics,politics,NA,NA,YES+,Economy as it discusses the price of lare scale projects,1956-06-19_166927499_1_page0.txt,Talked about politicians and election.,In this session there was unbelievable logrolling. A current example is contained in a report of a deal.
same,politics,politics,NA,NA,YES,Also about presidential health,1956-06-21_166961475_1_page0.txt,"Partisan source is charging, presidents and doctors is political propaganda.","thiscampaign, inrecentyearsimagineitisthentherewillbeanelection."
same,politics,politics,LABOR,NA,YES+,Also business -> discussion of farmers union and other organizations relationship with Democratic part,1956-07-02_166987194_1_page0.txt,The democratic party is mentioned several times and AFL-CIO are pushing.,"thoseDemocratswhobelieveinaconservativeapproachtopublicproblemsshouldbegintopack, foritmaywellbethatbeforeanotherpresidentialyearcomeseverythingbutthenameofthedemocraticpartywillhavegone"
same,politics,politics,LABOR,NA,YES,,1956-07-03_166977307_1_page0.txt,"AFL-CIO, and Union leaders are mentioned with respect to candidates","The aio, the merger of the aofl and ci, questions if they will endorse any presidential candidate"
same,politics,politics,NA,NA,YES,Segregation causing different division of aid for school construction,1956-07-05_166973311_1_page0.txt,Congress and powell amendment mentioned several times,"ifthatprovestobetrue, the presidentandcongressmightwelladoptthecoursewhichwouldhavebeenbetterinanyevent"
same,economy,economy,politics,NA,YES,,1956-07-11_166959354_1_page0.txt,"Secretary, and  Humphrey said in economic term.","tax cuts scheduled to take place, shifts in monetary policy and tax reduction"
same,politics,politics,NA,NA,YES,,1956-07-17_166984053_1_page0.txt,There is a discussion about states edition laws.,"thereare47suchstatelawssmithhasnowpreparedandintroducedabillhr3tomodifythesocalledpreemptiondoctrine, topermitconcurrentjurisdiction, intheprotectionofthestateanditscitizen"
same,politics,politics,business,NA,YES+,"Business also, discusses businessmen and relationshiop with american public. Surprised this one was not caught",1956-07-20_166968775_1_page0.txt,"Candidates for the democratic nomination mentioned, also talking about businessmen.","businessmencannotbetrustedinpublicoffice, apparentlyinheritedmoneyqualifiesamanforthemanagementofgreataffairsearnedmoneydoesnot"
different,LABOR,politics,business,NA,YES+,"Economy, discusses tariffs ",1956-07-25_166961624_1_page0.txt,"Mention labor, and business  is very important.","thatbyauthorityoftraditionthecandidateforpresidentshouldchoosethecandidateforvicepresident, perhapssomeamateurtoldhimsoorperhapsdewey"
same,politics,politics,NA,NA,YES,"Discusses education policy, interesting",1956-07-26_166959488_1_page0.txt,The article mention election with a  potential senate.,thisyearwitheisenhower
different,economy,politics,politics,NA,YES?,,1956-07-30_166962149_1_page0.txt,Senate and millions discussed,"whatthiscongress, taxpayerschoicethereforeislimited."
same,politics,politics,NA,NA,YES,Discusses polls but not voter turnout,1956-08-07_166977911_1_page0.txt,"Discusses an election, pollsters, and candidate health.",isasmatterofcoldpoliticsitspromotionbydemocratsandothersofsomewhatdoubtfulrepublicanismwouldfatallyimpairit
different,economy,politics,politics,economy,YES+,Voter turnout,1956-08-11_166987545_1_page0.txt,"Congress, administration and taxpayers mentioned several times.","spendandelectisstilllegislativeway, wetaxpayersmaybeaskingourselveswhetherwecanreallyaffordpresidentialelections"
same,politics,politics,NA,NA,YES+,"Voter turnout, specifically the catholic vote",1956-08-14_166967202_1_page0.txt,"Talked about election, Catholic vote and candidates.","thecatholicvotebecausein1952thesocalledcatholicstatesshowedashifttoeisenhower, isapolticialmove"
same,politics,politics,NA,NA,YES,,1956-08-17_166972775_1_page0.txt,"Candidate, voters mentioned several times.","preferencepollontherepublicanvicepresidentialnominationamongcaliforniavoters, hishasbeenaprimemoverintheefforttodropnixon"
same,politics,politics,NA,NA,,"I argue other, as it discusses politics but in a historical/forewarning context",1956-08-20_167030467_1_page0.txt,Mentions parties and the election.,"sanctificationofpartyheroesisoneofthemostamusingtraitsofamericanpolítics, thisiswellshowninthecurrentconventions"
same,politics,politics,NA,NA,YES,,1956-08-22_167024006_1_page0.txt,Mention election to senator and democratic national committee.,"theresponsibilityforelectingthevitalmarginessentialtopartycontrolhasbeentakenoverbythepoliticalarmsoflaborunions, attendingtherepublicanconvention."
same,politics,politics,NA,NA,YES,,1956-08-28_166992768_1_page0.txt,Mention a president and his  running mate by an overwhelming support.,"nixonsrole, itwasatraditionthatnixonswasanhonor, president"
same,politics,politics,NA,NA,YES,,1956-08-31_166992300_1_page0.txt,Mentioned president and election to come and congress is involved.,"thenitialrepublicandocumentnotonlyinthiscampaignbutinyearstocome, allaboutthenews"
same,politics,politics,NA,NA,YES+,"Business or economy also, as it discusses deealings of the suez canal",1956-09-04_166989848_1_page0.txt,The great issue in this matter it is the violation of the international convention of 1888 which is about politics and policy,electionwhatsoever
different,LABOR,politics,politics,NA,YES,,1956-09-05_166996171_1_page0.txt,Discussion about Union target Congress.,therecent sessionoftheaflcioexecutive councilatthatsofar is concerned election
different,economy,politics,politics,NA,YES+,Economy too ? Discuss cost of running government,1956-09-11_167036433_1_page0.txt,1 billions dollars mentioned and also congress is involved.,thathasbeensolicited
same,politics,politics,LABOR,NA,YES,,1956-09-15_167014181_1_page0.txt,The name eisonhower and mention labor union in politics.,"an election in main, election of 1962"
same,politics,politics,NA,NA,No,"Other, as it discusses a political book",1956-09-18_167011196_1_page0.txt,It is all related to party and election.,at the end of this campaign
same,politics,politics,NA,NA,YES+,Voter turnout,1956-09-24_166996599_1_page0.txt,The reaction of republican and it also mention the  candidates,The last four year
same,politics,politics,LABOR,NA,YES+,"Business, discusses the role of the """"business community"""" of voter influence in Seattle",1956-09-26_167002293_1_page0.txt,labor unions has a lot of role in election.,to have it in election what is the best way to improve this area
same,politics,politics,NA,NA,YES,Tone sounds almost desperate or defeated. Did something happena t this time in history to cause this change?,1956-10-02_167003681_1_page0.txt,Presidents appeal.,to be at his point for an election to be successful to put someone in charge
same,politics,politics,NA,NA,YES,Very poetic or prose-like in tone,1956-10-04_167015295_1_page0.txt,It is a campaign issue about president health.,the last election as some point out and
same,politics,politics,NA,NA,YES,,1956-10-06_166998763_1_page0.txt,"In this campaign, there  are lots to lose for president and the economy .","during elections, as this election goes, during a party goes out"
same,politics,politics,NA,NA,YES+,Economy also as it discusses education budget,1956-10-08_167016859_1_page0.txt,Candidate adlal stevenson's policy mentined.,"election years, for President, there is an office to have"
same,politics,politics,NA,NA,YES,,1956-10-12_166981548_1_page0.txt,President decision making.,"in what is going to happen, it is because it is an election"
same,voter_turnout,voter_turnout,politics,NA,YES,,1956-10-13_167046648_1_page0.txt,Vote that they prefer and election,estimates just issued by the us census bureau these cover
same,politics,politics,NA,NA,YES,,1956-10-16_167027617_1_page0.txt,Many state elections mentined.,during his election with with a majority
same,politics,politics,NA,NA,YES?,Moreso critiquing another political commentator's piece than about politics themselves,1956-10-18_167040314_1_page0.txt,"Republicans party mention, candidiate it is mostly a  political letter",with all this I can tell is nothing will happened before I go from this post
same,politics,politics,NA,NA,YES,,1956-10-20_167038525_1_page0.txt,"Discussion to gain more, if the is election, candidates",this comes near so that that comes near because all that comes from you know
same,politics,politics,NA,NA,YES,,1956-10-23_167022818_1_page0.txt,To influence the public with action is a vote.,has a lot of has done but the world that cannot control in that time
same,politics,politics,NA,NA,YES,,1956-10-27_167015426_1_page0.txt,Senate voting,and he's in that way and for that that that is why that happened and
different,LABOR,politics,politics,NA,YES+,Discussion of unions and their rights to support political movements financially,1956-10-31_167008470_1_page0.txt,There is arestriction about activities.,for election purposes and everything and nothing will stop it
same,politics,politics,NA,NA,YES,,1956-11-02_167062796_1_page0.txt,Candidate and elction time mentioned several times.,the results of that great time in the US is that he is in that field of service
same,politics,politics,NA,NA,NO,Criticizes coverage of a campaign but is not directly about politics,1956-11-06_167070736_1_page0.txt,Most the article it is to promote the the candidates before the action start.,after this election and the
different,politics,other,NA,NA,YES,More abstract article about historical context and how it was reflected in Eisenhower election,1956-11-09_167008316_1_page0.txt,The present event about the soviet empire crumbled with history lesson.,NA
same,politics,politics,NA,NA,YES+,Also voter turnout,1956-11-10_166980142_1_page0.txt,The lesson it is about after an election  and to make the president  to be more stronger,The lessons of election has shown to come through
same,politics,politics,NA,NA,,,1956-11-13_167052081_1_page0.txt,Mention the election result after a  loss to  the president,is a state and how is the Republican getting set up after all the year and election it is well-known
different,business,politics,NA,NA,YES,,1956-11-17_167080687_1_page0.txt,"There are several business  , they make and see.",and the voters and those whodid not give
different,LABOR,politics,politics,NA,YES,,1956-11-22_167062881_1_page0.txt,Union people and they labor.,how thing went in elections is to come into the
same,politics,politics,NA,NA,NO,More about coverage of politics and accuracy of polls than politics themselves,1956-11-23_167025776_1_page0.txt,Election year  for all kind of the news..,from which I have had an election
same,politics,politics,NA,NA,YES+,Discussion of power/electric industry,1956-11-27_167054824_1_page0.txt,In this story it is the plan of the election that will change to be effective,aftertheelectionit'sthatthegreatprogramelectionisthatisgoodandgreat
different,economy,politics,politics,NA,YES+,"Economy, maybe. Campaign funding via taxpayer dollars",1956-11-29_167015571_1_page0.txt,"All the expense are more to spent for taxes , to make the election to be more expensive .","the and for an election this year. But this what will take, what to do that would, or will help"
same,business,business,NA,NA,YES,,1956-11-30_167046802_1_page0.txt,"The story is business, if  all this activity will give to the better job",the has helped the government that government that should and all
different,LABOR,politics,NA,NA,YES,,1956-12-07_167005914_1_page0.txt,Mentions violation from the part  time,that these things and that an Election has to go on to
same,voter_turnout,voter_turnout,NA,NA,YES,,1956-12-12_167107864_1_page0.txt,People did not show for the election,what to do and get vote to count right to for the all who got done has what they was
same,politics,politics,NA,NA,YES,,1956-12-14_166991089_1_page0.txt,The power  the make the election is a story.,In this Election how you would not have to
different,economy,politics,NA,NA,YES+,"Poverty, low-income, marginalized populations ",1956-12-18_167049731_1_page0.txt,What could  get from new trade,what to say about Election
same,voter_turnout,voter_turnout,NA,NA,YES,,1956-12-20_167045451_1_page0.txt,"Voters make election , not to easy to make the situation be better for  each voters.",The voting law of that state of the nation and
same,politics,politics,NA,NA,YES,,1956-12-22_167097904_1_page0.txt,Candidate the election come by and to make every thing easy.,what to come of Election how do you have the state and the nation to
different,LABOR,other,NA,NA,YES,,1956-12-26_167013872_1_page0.txt,The workers who has more value.,NA
different,politics,other,NA,NA,YES,,1956-12-27_166981449_1_page0.txt,Science in a political position.,NA
NA,NA,politics,NA,NA,Not found,Not found,1956-06-26_166904773_1_page0.txt,NA,"democraticleaderstocommentonphysicafitnessofthecandidates, asthiswillbeafactortheelection"
NA,NA,politics,NA,NA,YES,,1956-08-09_167000759_1_page0.txt,NA,hasbeensomethinginthewayoftheconsolationsincethekefauverdelegatesandthenominationwouldbeworthlessinanyevent
NA,NA,politics,NA,NA,YES+,Voter turnout,1956-08-21_167026995_1_page0.txt,NA,"thekeenestmindsinrepublicanchairmanhallsverylargeandveryablenationalcommitteestaffarenotonthedemocraticnationalticket, campaign"
NA,NA,politics,NA,NA,YES+,"Economy too, lots of discussion of economic policies",1956-09-07_167016888_1_page0.txt,NA,I had that for for election is near I to take
NA,NA,politics,NA,NA,YES+,Voter turnout,1956-09-21_167021069_1_page0.txt,NA,there will have be an election and
NA,NA,politics,NA,NA,YES,,1956-09-29_166981483_1_page0.txt,NA,the fact that with this state an act an election to is very hard to find
NA,NA,politics,NA,NA,Not Found,,1956-11-20_167030467_1_page0.txt,NA,and in a great election
